CF000000,Cabrel,Francis,12-12-2002,francis.cabrel@gmail.com
GJ000001,Goldman,JJ,12-11-1958,jj.goldman@gmail.com
DC000002,Dion,Celine,22-06-1989,celine.dion@gmail.com
DR000003,Dion,René,20-04-1999,rené.dion@gmail.com
VA000004,Vizorek,Alex,03-05-1975,alex.vizorek@gmail.com
GF000005,Gall,France,13-08-1958,france.gall@gmail.com
LA000006,Lomp.,Aymeric,03-11-1982,aymeric.lomp.@gmail.com
BD000007,Balav.,Daniel,15-05-1971,daniel.balav.@gmail.com
BM000008,Berger,Michel,05-07-1988,michel.berger@gmail.com
MD000009,Millet,Doully,19-10-1990,doully.millet@gmail.com
ZY000010,Zapart,Yohann,26-06-1986,yo.zap@gmail.com
